global_neuron_idx,local_neuron_idx,sae_idx,sae_config,correlation,p_value,abs_correlation
327,71,1,"(128, 6)",0.3768200142431944,5.172340992321636e-206,0.3768200142431944
423,39,2,"(64, 4)",0.36679574316888164,1.707551699253091e-194,0.36679574316888164
438,54,2,"(64, 4)",0.34268638124895623,1.9798103572121577e-168,0.34268638124895623
302,46,1,"(128, 6)",0.3405656670898894,3.0303568116432006e-166,0.3405656670898894
88,88,0,"(256, 8)",0.33627661204108383,7.050321299951655e-162,0.33627661204108383
429,45,2,"(64, 4)",0.3318980328165495,1.7167512077839296e-157,0.3318980328165495
266,10,1,"(128, 6)",0.32846440688631406,4.21244173407094e-154,0.32846440688631406
55,55,0,"(256, 8)",0.321794738524161,1.2154859143879626e-147,0.321794738524161
440,56,2,"(64, 4)",0.29728169532773735,2.815058833348245e-125,0.29728169532773735
392,8,2,"(64, 4)",-0.2783422539908956,1.9580361476514475e-109,0.2783422539908956
145,145,0,"(256, 8)",0.2719905044666489,2.15156548828645e-104,0.2719905044666489
387,3,2,"(64, 4)",0.26182876238585673,1.3149500158147704e-96,0.26182876238585673
279,23,1,"(128, 6)",0.24660697750568938,1.4190717164941923e-85,0.24660697750568938
309,53,1,"(128, 6)",0.24291520551549722,5.196972525824391e-83,0.24291520551549722
399,15,2,"(64, 4)",0.24277006309220395,6.541220738270018e-83,0.24277006309220395
402,18,2,"(64, 4)",-0.2417617923429397,3.219988978611601e-82,0.2417617923429397
239,239,0,"(256, 8)",0.23852063238290516,5.142419261137146e-80,0.23852063238290516
338,82,1,"(128, 6)",0.2382201984025214,8.19822146492782e-80,0.2382201984025214
47,47,0,"(256, 8)",0.23725084047733497,3.675529414082867e-79,0.23725084047733497
200,200,0,"(256, 8)",0.2308748078235335,5.994524211543529e-75,0.2308748078235335
348,92,1,"(128, 6)",0.22594097706450333,8.918617354566517e-72,0.22594097706450333
411,27,2,"(64, 4)",-0.22568500000844488,1.2966829490296423e-71,0.22568500000844488
383,127,1,"(128, 6)",0.2225615527245979,1.2016948262685747e-69,0.2225615527245979
396,12,2,"(64, 4)",-0.21798788299618316,8.050060794676156e-67,0.21798788299618316
13,13,0,"(256, 8)",0.2175363329166777,1.5181818297648365e-66,0.2175363329166777
444,60,2,"(64, 4)",-0.21651809126419602,6.314507679377284e-66,0.21651809126419602
44,44,0,"(256, 8)",0.2162546987051293,9.118986694315155e-66,0.2162546987051293
388,4,2,"(64, 4)",-0.2121227076273245,2.729569414548479e-63,0.2121227076273245
433,49,2,"(64, 4)",-0.21208668722497492,2.867155747980804e-63,0.21208668722497492
286,30,1,"(128, 6)",-0.1993836896884567,5.556060090600525e-56,0.1993836896884567
182,182,0,"(256, 8)",0.1960401819432209,3.8222692715255665e-54,0.1960401819432209
313,57,1,"(128, 6)",-0.19439888204171432,2.966023418610105e-53,0.19439888204171432
367,111,1,"(128, 6)",0.19065832762405208,2.953170912566234e-51,0.19065832762405208
408,24,2,"(64, 4)",-0.18907232177881567,2.0183263454712118e-50,0.18907232177881567
183,183,0,"(256, 8)",0.18850862122658887,3.979911745877596e-50,0.18850862122658887
389,5,2,"(64, 4)",-0.1874237021393462,1.4614260972076686e-49,0.1874237021393462
336,80,1,"(128, 6)",-0.18729648793689446,1.7013294801311424e-49,0.18729648793689446
375,119,1,"(128, 6)",-0.18469758224213945,3.7062810619812596e-48,0.18469758224213945
329,73,1,"(128, 6)",-0.18330676811179225,1.8919201391867721e-47,0.18330676811179225
385,1,2,"(64, 4)",0.18155913899173523,1.4403135395856566e-46,0.18155913899173523
70,70,0,"(256, 8)",0.18081211472296937,3.408396508428621e-46,0.18081211472296937
398,14,2,"(64, 4)",0.18071974402822427,3.790477556749598e-46,0.18071974402822427
377,121,1,"(128, 6)",-0.1803336081101759,5.906337555624773e-46,0.1803336081101759
355,99,1,"(128, 6)",0.1787209047885438,3.724860702137871e-45,0.1787209047885438
437,53,2,"(64, 4)",0.177480568411385,1.5173019644862833e-44,0.177480568411385
401,17,2,"(64, 4)",0.17684358365754452,3.1087171085398484e-44,0.17684358365754452
319,63,1,"(128, 6)",0.17628626583826976,5.809807406056168e-44,0.17628626583826976
413,29,2,"(64, 4)",-0.17549169339910753,1.4118687603704321e-43,0.17549169339910753
271,15,1,"(128, 6)",-0.17155341171151478,1.0817445943589771e-41,0.17155341171151478
428,44,2,"(64, 4)",0.17125357502237923,1.4988061168830466e-41,0.17125357502237923
282,26,1,"(128, 6)",-0.17113745709021683,1.7002827474166698e-41,0.17113745709021683
416,32,2,"(64, 4)",-0.17089704810177742,2.2070088229082015e-41,0.17089704810177742
87,87,0,"(256, 8)",0.1706159149160012,2.992710199726426e-41,0.1706159149160012
372,116,1,"(128, 6)",0.17060274603085282,3.035669130777327e-41,0.17060274603085282
76,76,0,"(256, 8)",0.17003796384599199,5.587884114066764e-41,0.17003796384599199
334,78,1,"(128, 6)",-0.1683881851125042,3.2812632485032742e-40,0.1683881851125042
141,141,0,"(256, 8)",0.1681242532543408,4.348148062255705e-40,0.1681242532543408
370,114,1,"(128, 6)",0.1666622976626042,2.0507037394059127e-39,0.1666622976626042
275,19,1,"(128, 6)",0.16617986054672437,3.410644550369878e-39,0.16617986054672437
380,124,1,"(128, 6)",-0.16607025418757376,3.8276982119250244e-39,0.16607025418757376
431,47,2,"(64, 4)",-0.16566288559764775,5.87277919132881e-39,0.16566288559764775
403,19,2,"(64, 4)",-0.16560886349014847,6.21528820387744e-39,0.16560886349014847
435,51,2,"(64, 4)",0.16367443738087073,4.6713748535877953e-38,0.16367443738087073
272,16,1,"(128, 6)",0.16344753357103453,5.908697758673056e-38,0.16344753357103453
179,179,0,"(256, 8)",0.16330162325366382,6.871238935295311e-38,0.16330162325366382
349,93,1,"(128, 6)",-0.16327515281308438,7.061859871516328e-38,0.16327515281308438
412,28,2,"(64, 4)",0.16322204770607565,7.460275351121117e-38,0.16322204770607565
354,98,1,"(128, 6)",-0.16262533085376701,1.3804802471819779e-37,0.16262533085376701
276,20,1,"(128, 6)",0.16242656287821064,1.6936893643328033e-37,0.16242656287821064
101,101,0,"(256, 8)",-0.1619424059623856,2.783985505182175e-37,0.1619424059623856
346,90,1,"(128, 6)",-0.16193881316362568,2.7942554132900277e-37,0.16193881316362568
152,152,0,"(256, 8)",0.1616233363369319,3.859567796642942e-37,0.1616233363369319
281,25,1,"(128, 6)",0.16152565448835438,4.2649490167244924e-37,0.16152565448835438
350,94,1,"(128, 6)",-0.1610540811643031,6.90128045471091e-37,0.1610540811643031
58,58,0,"(256, 8)",-0.16053287867600902,1.17274230440319e-36,0.16053287867600902
260,4,1,"(128, 6)",0.1602140206012505,1.6206700375713965e-36,0.1602140206012505
417,33,2,"(64, 4)",0.16003095296984368,1.950853638069231e-36,0.16003095296984368
202,202,0,"(256, 8)",-0.15902665799714003,5.3740691135835524e-36,0.15902665799714003
394,10,2,"(64, 4)",-0.15855010903278854,8.671973000328649e-36,0.15855010903278854
405,21,2,"(64, 4)",-0.15843289023036128,9.752942911116821e-36,0.15843289023036128
332,76,1,"(128, 6)",-0.158381265639144,1.0270512009735548e-35,0.158381265639144
240,240,0,"(256, 8)",0.1583096360296485,1.1034127233979045e-35,0.1583096360296485
409,25,2,"(64, 4)",-0.15808443654221863,1.3821768011865327e-35,0.15808443654221863
270,14,1,"(128, 6)",-0.15758398212819208,2.277408266335071e-35,0.15758398212819208
184,184,0,"(256, 8)",0.1571247738113425,3.595966886800442e-35,0.1571247738113425
148,148,0,"(256, 8)",-0.15603446291577902,1.0578309590857298e-34,0.15603446291577902
318,62,1,"(128, 6)",-0.1545606721073669,4.492156145539133e-34,0.1545606721073669
397,13,2,"(64, 4)",0.1539714717500804,7.976422349271962e-34,0.1539714717500804
259,3,1,"(128, 6)",-0.15220572344871608,4.397257569678595e-33,0.15220572344871608
89,89,0,"(256, 8)",-0.15174661527398947,6.83119016860766e-33,0.15174661527398947
48,48,0,"(256, 8)",-0.15100642124078928,1.3857480999066846e-32,0.15100642124078928
195,195,0,"(256, 8)",0.15041482777355694,2.4326859778594897e-32,0.15041482777355694
59,59,0,"(256, 8)",0.14994899154612884,3.783009645762522e-32,0.14994899154612884
443,59,2,"(64, 4)",0.14981961584814812,4.275463868299397e-32,0.14981961584814812
268,12,1,"(128, 6)",0.1495659974243586,5.432865157615996e-32,0.1495659974243586
445,61,2,"(64, 4)",-0.1490827338390121,8.566077785237502e-32,0.1490827338390121
291,35,1,"(128, 6)",0.14894065613725183,9.790280522501305e-32,0.14894065613725183
307,51,1,"(128, 6)",0.1488781078871678,1.038285371046488e-31,0.1488781078871678
18,18,0,"(256, 8)",-0.14845762490939227,1.5402802985830462e-31,0.14845762490939227
390,6,2,"(64, 4)",-0.14794164603390997,2.4951725474823864e-31,0.14794164603390997
400,16,2,"(64, 4)",-0.14754414517745346,3.613963419433239e-31,0.14754414517745346
63,63,0,"(256, 8)",0.14742722796230695,4.029206954298656e-31,0.14742722796230695
19,19,0,"(256, 8)",0.14700368207652606,5.970542895294274e-31,0.14700368207652606
386,2,2,"(64, 4)",0.14553636768023592,2.3109752397232093e-30,0.14553636768023592
163,163,0,"(256, 8)",0.14524406893604574,3.021069904616149e-30,0.14524406893604574
114,114,0,"(256, 8)",-0.14463710840361052,5.260491691542786e-30,0.14463710840361052
322,66,1,"(128, 6)",-0.1429248940224188,2.4826490578961823e-29,0.1429248940224188
365,109,1,"(128, 6)",0.14185076235366045,6.508262193575225e-29,0.14185076235366045
317,61,1,"(128, 6)",-0.14111687855120122,1.2519033701366952e-28,0.14111687855120122
27,27,0,"(256, 8)",0.1411147081890104,1.2543212292313506e-28,0.1411147081890104
277,21,1,"(128, 6)",-0.140621394692929,1.9432630299857996e-28,0.140621394692929
421,37,2,"(64, 4)",-0.14005254053854183,3.2130762669553087e-28,0.14005254053854183
206,206,0,"(256, 8)",0.13962060691347805,4.700452788337869e-28,0.13962060691347805
376,120,1,"(128, 6)",0.13933978028721014,6.015590534785783e-28,0.13933978028721014
441,57,2,"(64, 4)",-0.139290605766195,6.280817802127716e-28,0.139290605766195
171,171,0,"(256, 8)",-0.13921965048525112,6.684081579243707e-28,0.13921965048525112
197,197,0,"(256, 8)",0.1391645068274271,7.015121604710147e-28,0.1391645068274271
308,52,1,"(128, 6)",-0.13907704477152727,7.573820093912144e-28,0.13907704477152727
210,210,0,"(256, 8)",0.138999248450332,8.107723172888028e-28,0.138999248450332
165,165,0,"(256, 8)",-0.13843447829900585,1.327879566610328e-27,0.13843447829900585
351,95,1,"(128, 6)",-0.13727933417640278,3.619210607536055e-27,0.13727933417640278
368,112,1,"(128, 6)",0.13720533248430217,3.8581863496881994e-27,0.13720533248430217
34,34,0,"(256, 8)",-0.13663893422461534,6.28664837847954e-27,0.13663893422461534
425,41,2,"(64, 4)",0.13560731906990398,1.5216398592540756e-26,0.13560731906990398
352,96,1,"(128, 6)",-0.13471048160973853,3.2631555203261556e-26,0.13471048160973853
146,146,0,"(256, 8)",-0.13468222381762268,3.342264667124095e-26,0.13468222381762268
187,187,0,"(256, 8)",0.13446784117172977,4.0076797987357194e-26,0.13446784117172977
191,191,0,"(256, 8)",-0.13373941499998077,7.410697789780523e-26,0.13373941499998077
284,28,1,"(128, 6)",-0.13366400052245433,7.896122403799335e-26,0.13366400052245433
228,228,0,"(256, 8)",0.13330521131378312,1.0673100160696684e-25,0.13330521131378312
71,71,0,"(256, 8)",0.13300941520906467,1.3674757133197862e-25,0.13300941520906467
288,32,1,"(128, 6)",0.13289187947829428,1.508755411862936e-25,0.13289187947829428
391,7,2,"(64, 4)",-0.13261215002835125,1.9058396646384857e-25,0.13261215002835125
430,46,2,"(64, 4)",-0.13243792800913795,2.203802622730373e-25,0.13243792800913795
235,235,0,"(256, 8)",-0.13234214314029702,2.3868258278418776e-25,0.13234214314029702
113,113,0,"(256, 8)",-0.13208233153133786,2.9626019743949104e-25,0.13208233153133786
135,135,0,"(256, 8)",-0.1320006308168759,3.1706443415470896e-25,0.1320006308168759
256,0,1,"(128, 6)",-0.13184051328872068,3.6212412272199025e-25,0.13184051328872068
426,42,2,"(64, 4)",0.13175334627269852,3.8926417256943613e-25,0.13175334627269852
361,105,1,"(128, 6)",0.1315020188826455,4.793180987570245e-25,0.1315020188826455
374,118,1,"(128, 6)",-0.13131149820427251,5.6107338239131575e-25,0.13131149820427251
170,170,0,"(256, 8)",-0.13079870292181778,8.562671696392921e-25,0.13079870292181778
180,180,0,"(256, 8)",-0.13065032799132226,9.673727948649505e-25,0.13065032799132226
253,253,0,"(256, 8)",0.13042156389884474,1.1672545669707656e-24,0.13042156389884474
119,119,0,"(256, 8)",-0.12990022619824054,1.7886245406730663e-24,0.12990022619824054
66,66,0,"(256, 8)",-0.12953141939383406,2.416502775492684e-24,0.12953141939383406
242,242,0,"(256, 8)",0.12876721021322213,4.495164894514689e-24,0.12876721021322213
56,56,0,"(256, 8)",-0.1286978030895834,4.7549646366870754e-24,0.1286978030895834
51,51,0,"(256, 8)",-0.12841368666233088,5.982679578939072e-24,0.12841368666233088
199,199,0,"(256, 8)",-0.12764408287332252,1.1116477553492815e-23,0.12764408287332252
233,233,0,"(256, 8)",0.12731217540885675,1.4504526601330627e-23,0.12731217540885675
265,9,1,"(128, 6)",-0.1270867408009777,1.737012788636865e-23,0.1270867408009777
442,58,2,"(64, 4)",-0.12584680525859498,4.6553487201919505e-23,0.12584680525859498
226,226,0,"(256, 8)",-0.12569390042589468,5.253584459288502e-23,0.12569390042589468
418,34,2,"(64, 4)",-0.12546988504618783,6.269891430226759e-23,0.12546988504618783
222,222,0,"(256, 8)",0.12546928812762315,6.272844049206292e-23,0.12546928812762315
358,102,1,"(128, 6)",-0.1254050429756049,6.598806978363167e-23,0.1254050429756049
181,181,0,"(256, 8)",-0.12531250778830538,7.097972583731465e-23,0.12531250778830538
109,109,0,"(256, 8)",-0.12440498589381369,1.4469969747877651e-22,0.12440498589381369
289,33,1,"(128, 6)",-0.12375384515809383,2.404423906915434e-22,0.12375384515809383
362,106,1,"(128, 6)",0.12360547508111097,2.6983654648911417e-22,0.12360547508111097
121,121,0,"(256, 8)",-0.12310561134855351,3.975647038942273e-22,0.12310561134855351
36,36,0,"(256, 8)",-0.12303408346089723,4.201799451510152e-22,0.12303408346089723
196,196,0,"(256, 8)",0.12298967056399003,4.348578444514002e-22,0.12298967056399003
186,186,0,"(256, 8)",-0.12238753412476952,6.918036369604554e-22,0.12238753412476952
285,29,1,"(128, 6)",-0.12234615853068351,7.141697674567921e-22,0.12234615853068351
72,72,0,"(256, 8)",-0.12227069186138304,7.568218635217529e-22,0.12227069186138304
360,104,1,"(128, 6)",0.12150725916906091,1.3581877370951399e-21,0.12150725916906091
371,115,1,"(128, 6)",-0.12118674364278448,1.7342240039841536e-21,0.12118674364278448
299,43,1,"(128, 6)",-0.12089160260544364,2.1706868895559937e-21,0.12089160260544364
116,116,0,"(256, 8)",0.12081491321478538,2.3008602508028627e-21,0.12081491321478538
33,33,0,"(256, 8)",-0.12057967405061173,2.750260985256247e-21,0.12057967405061173
16,16,0,"(256, 8)",-0.12027579206025225,3.461321561369773e-21,0.12027579206025225
169,169,0,"(256, 8)",0.12015986693841385,3.778093874784205e-21,0.12015986693841385
188,188,0,"(256, 8)",-0.11923083413788017,7.598358264313157e-21,0.11923083413788017
414,30,2,"(64, 4)",-0.11863581526363631,1.1852848450730505e-20,0.11863581526363631
343,87,1,"(128, 6)",-0.11856740643760162,1.2472723153523472e-20,0.11856740643760162
142,142,0,"(256, 8)",-0.1178012685436881,2.203037924052976e-20,0.1178012685436881
381,125,1,"(128, 6)",0.1176083851240318,2.540787005733734e-20,0.1176083851240318
77,77,0,"(256, 8)",-0.11727935587078275,3.2389439151853415e-20,0.11727935587078275
0,0,0,"(256, 8)",-0.11658491341711313,5.394584035322827e-20,0.11658491341711313
43,43,0,"(256, 8)",-0.11620358903720701,7.129401943993035e-20,0.11620358903720701
407,23,2,"(64, 4)",-0.11595079412802314,8.572591810120697e-20,0.11595079412802314
255,255,0,"(256, 8)",-0.11588395298080098,9.000179525136412e-20,0.11588395298080098
158,158,0,"(256, 8)",0.11535761904713188,1.3191089746025858e-19,0.11535761904713188
223,223,0,"(256, 8)",-0.11535740257298352,1.3193159250645704e-19,0.11535740257298352
218,218,0,"(256, 8)",-0.11473149226552204,2.073964381130013e-19,0.11473149226552204
269,13,1,"(128, 6)",-0.11464459980572034,2.2079497045541233e-19,0.11464459980572034
404,20,2,"(64, 4)",0.11410894573948728,3.2443994538817787e-19,0.11410894573948728
178,178,0,"(256, 8)",-0.11384795686574951,3.9110079969964075e-19,0.11384795686574951
316,60,1,"(128, 6)",-0.11378370298745867,4.0948673856504964e-19,0.11378370298745867
446,62,2,"(64, 4)",-0.11309927136227751,6.668967041756303e-19,0.11309927136227751
79,79,0,"(256, 8)",-0.11254513320017666,9.876792603364046e-19,0.11254513320017666
173,173,0,"(256, 8)",-0.11197953468706842,1.471755233885939e-18,0.11197953468706842
250,250,0,"(256, 8)",-0.11172576756646954,1.7590175044604815e-18,0.11172576756646954
229,229,0,"(256, 8)",0.11147918187323684,2.090956427604272e-18,0.11147918187323684
314,58,1,"(128, 6)",-0.11140160645636127,2.2076441382433664e-18,0.11140160645636127
252,252,0,"(256, 8)",0.111335052250839,2.31286056694517e-18,0.111335052250839
129,129,0,"(256, 8)",-0.11089673756621218,3.1406210896950548e-18,0.11089673756621218
65,65,0,"(256, 8)",-0.11085313622625592,3.2374549217296596e-18,0.11085313622625592
303,47,1,"(128, 6)",-0.1105724690370019,3.9352614535376e-18,0.1105724690370019
420,36,2,"(64, 4)",0.11018905492397676,5.133681358868398e-18,0.11018905492397676
147,147,0,"(256, 8)",-0.11013475355187946,5.3302548129069196e-18,0.11013475355187946
192,192,0,"(256, 8)",-0.109622652331931,7.590200069595845e-18,0.109622652331931
94,94,0,"(256, 8)",-0.1086854010126242,1.443275115762118e-17,0.1086854010126242
384,0,2,"(64, 4)",0.10780235980405452,2.630958890981817e-17,0.10780235980405452
42,42,0,"(256, 8)",-0.10760816331557771,3.0003802476223135e-17,0.10760816331557771
321,65,1,"(128, 6)",-0.10758244808041381,3.052985277102558e-17,0.10758244808041381
11,11,0,"(256, 8)",0.10701709309261587,4.4691382243233864e-17,0.10701709309261587
257,1,1,"(128, 6)",0.10685353900933832,4.9881520748410435e-17,0.10685353900933832
155,155,0,"(256, 8)",-0.10644453132254988,6.560650488522177e-17,0.10644453132254988
110,110,0,"(256, 8)",-0.1061870146700569,7.791879186928947e-17,0.1061870146700569
82,82,0,"(256, 8)",-0.10600061633219152,8.822598874622089e-17,0.10600061633219152
280,24,1,"(128, 6)",-0.10503960863348694,1.6682834101110136e-16,0.10503960863348694
258,2,1,"(128, 6)",-0.10498567643269431,1.7287116863374761e-16,0.10498567643269431
24,24,0,"(256, 8)",0.10498216241908807,1.7327229773626747e-16,0.10498216241908807
15,15,0,"(256, 8)",0.10497742736707658,1.7381426120609497e-16,0.10497742736707658
160,160,0,"(256, 8)",-0.10466725370827842,2.1320464550626933e-16,0.10466725370827842
357,101,1,"(128, 6)",-0.1045700101095911,2.272767882340823e-16,0.1045700101095911
304,48,1,"(128, 6)",0.1041098907756843,3.0729071493214586e-16,0.1041098907756843
95,95,0,"(256, 8)",0.10328192403884164,5.270147624698237e-16,0.10328192403884164
68,68,0,"(256, 8)",-0.1029294331128308,6.622108704252683e-16,0.1029294331128308
247,247,0,"(256, 8)",-0.10287790035393385,6.846472589981279e-16,0.10287790035393385
117,117,0,"(256, 8)",0.10242915897407848,9.144730442804799e-16,0.10242915897407848
83,83,0,"(256, 8)",0.10223807590483447,1.0340288779690807e-15,0.10223807590483447
283,27,1,"(128, 6)",-0.10201964324177483,1.1896274463688198e-15,0.10201964324177483
261,5,1,"(128, 6)",-0.10168428001591995,1.4744399384030017e-15,0.10168428001591995
132,132,0,"(256, 8)",-0.10137729595489912,1.793445765613569e-15,0.10137729595489912
7,7,0,"(256, 8)",-0.10117183156302934,2.0439828629616655e-15,0.10117183156302934
267,11,1,"(128, 6)",0.10028187724440281,3.590348580490404e-15,0.10028187724440281
310,54,1,"(128, 6)",-0.09939961611584522,6.245513474775326e-15,0.09939961611584522
64,64,0,"(256, 8)",-0.09887733633335412,8.647844566559814e-15,0.09887733633335412
244,244,0,"(256, 8)",-0.0986539441552075,9.934307147999375e-15,0.0986539441552075
22,22,0,"(256, 8)",0.09800360194296301,1.4849520502589773e-14,0.09800360194296301
128,128,0,"(256, 8)",-0.09767018132200275,1.8229380885144007e-14,0.09767018132200275
301,45,1,"(128, 6)",-0.09722323976686922,2.3970859494632443e-14,0.09722323976686922
273,17,1,"(128, 6)",-0.09715495908439867,2.4992097492316038e-14,0.09715495908439867
424,40,2,"(64, 4)",-0.09705218892303386,2.6610333356668347e-14,0.09705218892303386
40,40,0,"(256, 8)",0.09669126962925371,3.315247111210001e-14,0.09669126962925371
108,108,0,"(256, 8)",-0.09668902912050772,3.319765741007477e-14,0.09668902912050772
26,26,0,"(256, 8)",-0.09644751553162594,3.844075945610595e-14,0.09644751553162594
227,227,0,"(256, 8)",-0.09607820337310281,4.8069740999321005e-14,0.09607820337310281
241,241,0,"(256, 8)",-0.09598751618618925,5.0775504226238714e-14,0.09598751618618925
175,175,0,"(256, 8)",-0.09585731584210302,5.4923753226807766e-14,0.09585731584210302
236,236,0,"(256, 8)",-0.09582001880593309,5.617224113051e-14,0.09582001880593309
339,83,1,"(128, 6)",-0.09567027181276168,6.1471879720412e-14,0.09567027181276168
359,103,1,"(128, 6)",0.09545407650856294,7.000018335042109e-14,0.09545407650856294
78,78,0,"(256, 8)",0.09518229453956714,8.238543265987655e-14,0.09518229453956714
290,34,1,"(128, 6)",-0.09492624244411274,9.601188682461998e-14,0.09492624244411274
373,117,1,"(128, 6)",-0.09407190560624443,1.5953160214556047e-13,0.09407190560624443
115,115,0,"(256, 8)",0.0940413467040461,1.6244197120629096e-13,0.0940413467040461
410,26,2,"(64, 4)",-0.09375388423668035,1.9250117078843065e-13,0.09375388423668035
335,79,1,"(128, 6)",0.09364866542782918,2.0481740145221817e-13,0.09364866542782918
97,97,0,"(256, 8)",-0.09360970899235047,2.095710136946062e-13,0.09360970899235047
379,123,1,"(128, 6)",0.0934765386815005,2.2665380557199654e-13,0.0934765386815005
86,86,0,"(256, 8)",0.0930006888648969,2.996247416719753e-13,0.0930006888648969
219,219,0,"(256, 8)",-0.09295871262568789,3.070727079270052e-13,0.09295871262568789
278,22,1,"(128, 6)",-0.09276639525774943,3.4358688962530924e-13,0.09276639525774943
439,55,2,"(64, 4)",-0.09273094619032224,3.50768021912804e-13,0.09273094619032224
137,137,0,"(256, 8)",0.09245387225596916,4.1221056579573973e-13,0.09245387225596916
162,162,0,"(256, 8)",0.09244210165979641,4.1504242583309553e-13,0.09244210165979641
126,126,0,"(256, 8)",-0.09200769868930736,5.340317474045439e-13,0.09200769868930736
130,130,0,"(256, 8)",-0.09184157254683106,5.878938984423198e-13,0.09184157254683106
305,49,1,"(128, 6)",-0.09149098798465151,7.196559707206644e-13,0.09149098798465151
341,85,1,"(128, 6)",0.09145005517602996,7.368136159807448e-13,0.09145005517602996
161,161,0,"(256, 8)",-0.09087036739848792,1.027520124811042e-12,0.09087036739848792
294,38,1,"(128, 6)",-0.09076827492002669,1.0892661408927292e-12,0.09076827492002669
31,31,0,"(256, 8)",-0.09050675814114448,1.2645211936703728e-12,0.09050675814114448
84,84,0,"(256, 8)",-0.09023186715637564,1.4785438838584772e-12,0.09023186715637564
133,133,0,"(256, 8)",-0.0900771563875073,1.6142262635702836e-12,0.0900771563875073
138,138,0,"(256, 8)",-0.09003790392523739,1.6505489910776996e-12,0.09003790392523739
345,89,1,"(128, 6)",0.0897924224829571,1.8965867004817453e-12,0.0897924224829571
234,234,0,"(256, 8)",-0.08978435181429309,1.9052584391605318e-12,0.08978435181429309
263,7,1,"(128, 6)",-0.08932698014995663,2.4657261837290315e-12,0.08932698014995663
331,75,1,"(128, 6)",-0.08893514858283463,3.0721507845098395e-12,0.08893514858283463
434,50,2,"(64, 4)",0.08874514326304897,3.416669481293486e-12,0.08874514326304897
264,8,1,"(128, 6)",0.08821894148865822,4.580743257225683e-12,0.08821894148865822
69,69,0,"(256, 8)",-0.08812602478804799,4.823291332731058e-12,0.08812602478804799
203,203,0,"(256, 8)",-0.08705617872829015,8.703268696319283e-12,0.08705617872829015
156,156,0,"(256, 8)",-0.08611813923534634,1.4518599040028424e-11,0.08611813923534634
32,32,0,"(256, 8)",0.0859893933259232,1.5568406909737637e-11,0.0859893933259232
356,100,1,"(128, 6)",-0.08501849057239988,2.6270378878544333e-11,0.08501849057239988
225,225,0,"(256, 8)",0.08450855714314338,3.4498513585099865e-11,0.08450855714314338
131,131,0,"(256, 8)",0.08400794566606695,4.500878048808018e-11,0.08400794566606695
204,204,0,"(256, 8)",-0.08329547781484077,6.554220506440954e-11,0.08329547781484077
30,30,0,"(256, 8)",-0.08320478498237217,6.873872951448555e-11,0.08320478498237217
311,55,1,"(128, 6)",-0.08258523556836005,9.503648508787518e-11,0.08258523556836005
216,216,0,"(256, 8)",-0.08241429828873384,1.0387894504233929e-10,0.08241429828873384
118,118,0,"(256, 8)",-0.08230383623588924,1.100155505104316e-10,0.08230383623588924
91,91,0,"(256, 8)",-0.08169352865383167,1.5086538572468222e-10,0.08169352865383167
46,46,0,"(256, 8)",-0.08121960833728609,1.9248474605129265e-10,0.08121960833728609
333,77,1,"(128, 6)",-0.08108880789372705,2.0582283986486552e-10,0.08108880789372705
98,98,0,"(256, 8)",0.08053414965509001,2.7313379440983653e-10,0.08053414965509001
111,111,0,"(256, 8)",-0.08047546179124296,2.8140361574633297e-10,0.08047546179124296
140,140,0,"(256, 8)",-0.08039193227583175,2.9359690202663427e-10,0.08039193227583175
198,198,0,"(256, 8)",-0.07971568991460358,4.132471831630201e-10,0.07971568991460358
122,122,0,"(256, 8)",-0.07941826519896902,4.798668811290508e-10,0.07941826519896902
45,45,0,"(256, 8)",-0.07862242390657198,7.139279093526419e-10,0.07862242390657198
194,194,0,"(256, 8)",-0.07829875012964596,8.381945077713896e-10,0.07829875012964596
189,189,0,"(256, 8)",0.07739528043150433,1.3073856647815526e-09,0.07739528043150433
364,108,1,"(128, 6)",-0.07726242413809886,1.3951183740081026e-09,0.07726242413809886
75,75,0,"(256, 8)",0.07719324531720355,1.4430462410599504e-09,0.07719324531720355
295,39,1,"(128, 6)",0.07699357220819839,1.5905576232996045e-09,0.07699357220819839
120,120,0,"(256, 8)",0.07603596087009434,2.5281489181533006e-09,0.07603596087009434
298,42,1,"(128, 6)",-0.0759592237867551,2.623161032449365e-09,0.0759592237867551
245,245,0,"(256, 8)",0.07530807282285189,3.58224954390553e-09,0.07530807282285189
382,126,1,"(128, 6)",0.07450401407562816,5.244709340265157e-09,0.07450401407562816
211,211,0,"(256, 8)",-0.07432572707791549,5.704293173163952e-09,0.07432572707791549
248,248,0,"(256, 8)",-0.0737098214719791,7.61344328383264e-09,0.0737098214719791
39,39,0,"(256, 8)",-0.07328451531186317,9.280611166716655e-09,0.07328451531186317
151,151,0,"(256, 8)",0.07317537971433474,9.762624320783832e-09,0.07317537971433474
67,67,0,"(256, 8)",-0.07271184865470526,1.2095253632286472e-08,0.07271184865470526
395,11,2,"(64, 4)",0.07263584464885808,1.2526158223052809e-08,0.07263584464885808
92,92,0,"(256, 8)",-0.07230464018181176,1.4584463466261396e-08,0.07230464018181176
167,167,0,"(256, 8)",-0.07219565606495447,1.5330938901699226e-08,0.07219565606495447
325,69,1,"(128, 6)",-0.07144111909620934,2.161714787051952e-08,0.07144111909620934
172,172,0,"(256, 8)",-0.07140833583191991,2.194058519779473e-08,0.07140833583191991
342,86,1,"(128, 6)",-0.07138844510060705,2.2139109718986218e-08,0.07138844510060705
251,251,0,"(256, 8)",-0.07102607261656917,2.607633242369603e-08,0.07102607261656917
366,110,1,"(128, 6)",0.07055441192822484,3.2229599836547274e-08,0.07055441192822484
323,67,1,"(128, 6)",-0.07027697696980667,3.6483968595686065e-08,0.07027697696980667
125,125,0,"(256, 8)",0.06996928507397303,4.183939363912833e-08,0.06996928507397303
73,73,0,"(256, 8)",-0.06996741679810788,4.187413025196626e-08,0.06996741679810788
287,31,1,"(128, 6)",-0.06987784716766864,4.3572686965690764e-08,0.06987784716766864
1,1,0,"(256, 8)",0.06936783972635231,5.459335119964e-08,0.06936783972635231
5,5,0,"(256, 8)",0.06928746279330288,5.656014285097202e-08,0.06928746279330288
419,35,2,"(64, 4)",-0.06914911501870435,6.010733962497596e-08,0.06914911501870435
80,80,0,"(256, 8)",0.06850749644397935,7.957673402959947e-08,0.06850749644397935
214,214,0,"(256, 8)",0.06838253235236047,8.402222962799101e-08,0.06838253235236047
300,44,1,"(128, 6)",0.06824884265311364,8.904415536409398e-08,0.06824884265311364
177,177,0,"(256, 8)",0.06764705278406566,1.1548120035455671e-07,0.06764705278406566
205,205,0,"(256, 8)",-0.06652435440566004,1.8647228336464742e-07,0.06652435440566004
14,14,0,"(256, 8)",-0.06573421571082518,2.600745702124561e-07,0.06573421571082518
168,168,0,"(256, 8)",-0.0652520450688627,3.1802812422975257e-07,0.0652520450688627
20,20,0,"(256, 8)",-0.06503956121557022,3.4735548647876075e-07,0.06503956121557022
340,84,1,"(128, 6)",-0.06487862720357274,3.7128761954897786e-07,0.06487862720357274
221,221,0,"(256, 8)",-0.06430858026563062,4.695292142268025e-07,0.06430858026563062
208,208,0,"(256, 8)",-0.06381276888337954,5.749747590826891e-07,0.06381276888337954
378,122,1,"(128, 6)",0.06370804502946256,5.999996566157941e-07,0.06370804502946256
104,104,0,"(256, 8)",-0.06276659302785448,8.774057612802267e-07,0.06276659302785448
185,185,0,"(256, 8)",0.06264453246038235,9.213622050570181e-07,0.06264453246038235
50,50,0,"(256, 8)",-0.061117541243115296,1.6855618185120248e-06,0.061117541243115296
143,143,0,"(256, 8)",-0.06106041206080941,1.7236180677483776e-06,0.06106041206080941
220,220,0,"(256, 8)",0.060110327463354145,2.491459820044807e-06,0.060110327463354145
124,124,0,"(256, 8)",0.05816841256200388,5.2027323711777185e-06,0.05816841256200388
100,100,0,"(256, 8)",-0.05679217264847655,8.648719955949364e-06,0.05679217264847655
57,57,0,"(256, 8)",-0.05568686458249699,1.2902685048632002e-05,0.05568686458249699
238,238,0,"(256, 8)",-0.05540314311046535,1.4281257188668905e-05,0.05540314311046535
326,70,1,"(128, 6)",-0.05473012947132167,1.8134863751675605e-05,0.05473012947132167
105,105,0,"(256, 8)",0.05463401370458983,1.8760128713137388e-05,0.05463401370458983
232,232,0,"(256, 8)",0.05378547276262942,2.5244774501293548e-05,0.05378547276262942
157,157,0,"(256, 8)",-0.05280979093214454,3.5329719593917575e-05,0.05280979093214454
62,62,0,"(256, 8)",-0.05243969878507551,4.007463591663034e-05,0.05243969878507551
149,149,0,"(256, 8)",-0.05226034123262604,4.258599013374475e-05,0.05226034123262604
422,38,2,"(64, 4)",0.05145876900338431,5.574835685749836e-05,0.05145876900338431
363,107,1,"(128, 6)",0.05116543883577447,6.14644133903641e-05,0.05116543883577447
337,81,1,"(128, 6)",-0.05067660662670459,7.224041306408767e-05,0.05067660662670459
154,154,0,"(256, 8)",0.050657467478566795,7.269668678618407e-05,0.050657467478566795
35,35,0,"(256, 8)",-0.05054063915263435,7.554148361294205e-05,0.05054063915263435
190,190,0,"(256, 8)",0.04957843440999728,0.00010331476938706546,0.04957843440999728
99,99,0,"(256, 8)",-0.04950233149950817,0.00010588058106130446,0.04950233149950817
8,8,0,"(256, 8)",-0.04930812630276852,0.00011270335410876891,0.04930812630276852
324,68,1,"(128, 6)",-0.04854892396416107,0.00014356097621122594,0.04854892396416107
144,144,0,"(256, 8)",-0.04742456276595379,0.00020417002868238662,0.04742456276595379
212,212,0,"(256, 8)",0.04741821702901358,0.00020457197222378882,0.04741821702901358
415,31,2,"(64, 4)",0.046439919383364794,0.0002762508493489553,0.046439919383364794
209,209,0,"(256, 8)",-0.04615184893809821,0.00030147808969158125,0.04615184893809821
353,97,1,"(128, 6)",-0.0458592887287098,0.0003292943401364915,0.0458592887287098
246,246,0,"(256, 8)",-0.04559070377488607,0.00035692831809571357,0.04559070377488607
38,38,0,"(256, 8)",-0.04531702558536767,0.0003873055078061705,0.04531702558536767
102,102,0,"(256, 8)",-0.045167730130262075,0.0004048784800386198,0.045167730130262075
249,249,0,"(256, 8)",-0.044943575518483214,0.0004326659623950632,0.044943575518483214
201,201,0,"(256, 8)",-0.04469736160959324,0.0004652340371989158,0.04469736160959324
344,88,1,"(128, 6)",-0.043706629149924806,0.0006208011693147643,0.043706629149924806
25,25,0,"(256, 8)",-0.04304026794651816,0.0007513194146646714,0.04304026794651816
49,49,0,"(256, 8)",0.04291766346916458,0.0007779480984381755,0.04291766346916458
136,136,0,"(256, 8)",-0.042910350894078825,0.000779563683724259,0.042910350894078825
4,4,0,"(256, 8)",0.042690224407367514,0.0008296792769960902,0.042690224407367514
6,6,0,"(256, 8)",-0.04246691412108562,0.0008835595269344203,0.04246691412108562
9,9,0,"(256, 8)",-0.04241045075484472,0.0008976874707353539,0.04241045075484472
159,159,0,"(256, 8)",-0.04232344705855056,0.0009198673458690688,0.04232344705855056
12,12,0,"(256, 8)",0.04221391295273875,0.0009485127892171195,0.04221391295273875
61,61,0,"(256, 8)",-0.0420416927400465,0.000995226956405057,0.0420416927400465
447,63,2,"(64, 4)",0.0418457540264622,0.0010509596804831654,0.0418457540264622
427,43,2,"(64, 4)",0.04129737082650074,0.0012226544116030857,0.04129737082650074
29,29,0,"(256, 8)",-0.04067770013967027,0.001447631529823148,0.04067770013967027
28,28,0,"(256, 8)",0.04060904511802681,0.0014747759490978609,0.04060904511802681
393,9,2,"(64, 4)",0.04014511051415083,0.001670846959339591,0.04014511051415083
3,3,0,"(256, 8)",-0.039917733044654374,0.0017754537639336964,0.039917733044654374
274,18,1,"(128, 6)",0.039051545672783614,0.0022314854878883383,0.039051545672783614
293,37,1,"(128, 6)",-0.03895696140049773,0.002287295972798543,0.03895696140049773
41,41,0,"(256, 8)",-0.038751862832464394,0.0024127334994714735,0.038751862832464394
215,215,0,"(256, 8)",-0.03824970197491036,0.002746872409757158,0.03824970197491036
292,36,1,"(128, 6)",0.0381446918280871,0.0028218805313676154,0.0381446918280871
60,60,0,"(256, 8)",0.03728754869117437,0.0035076603819616803,0.03728754869117437
123,123,0,"(256, 8)",-0.03704518558308287,0.0037273645786145113,0.03704518558308287
53,53,0,"(256, 8)",0.03698711143638181,0.0037818334082842524,0.03698711143638181
107,107,0,"(256, 8)",-0.03544757376477187,0.0055168311972871985,0.03544757376477187
2,2,0,"(256, 8)",-0.035440080529895356,0.00552679756156554,0.035440080529895356
315,59,1,"(128, 6)",-0.03543221528986854,0.00553727618243358,0.03543221528986854
54,54,0,"(256, 8)",0.03435871890576335,0.007147364715074264,0.03435871890576335
103,103,0,"(256, 8)",-0.03417855679738578,0.007455421530676,0.03417855679738578
243,243,0,"(256, 8)",-0.03389231898763259,0.007969387202204537,0.03389231898763259
312,56,1,"(128, 6)",0.0327073327228007,0.01045086755105776,0.0327073327228007
174,174,0,"(256, 8)",-0.029551484310931197,0.020702356221469147,0.029551484310931197
127,127,0,"(256, 8)",-0.026097274027962157,0.04106570198171087,0.026097274027962157
432,48,2,"(64, 4)",0.024804299530501575,0.052182945791524105,0.024804299530501575
153,153,0,"(256, 8)",0.024690439478811978,0.05327242328912978,0.024690439478811978
93,93,0,"(256, 8)",0.024174025382620243,0.05845495358371054,0.024174025382620243
328,72,1,"(128, 6)",-0.0241308399751185,0.05890669597314539,0.0241308399751185
193,193,0,"(256, 8)",-0.023943053264989047,0.060904868715407144,0.023943053264989047
347,91,1,"(128, 6)",0.023509109233679566,0.0657376728145884,0.023509109233679566
320,64,1,"(128, 6)",-0.022834633617119963,0.07387306601378028,0.022834633617119963
37,37,0,"(256, 8)",0.021037381409852982,0.0996228204044621,0.021037381409852982
231,231,0,"(256, 8)",0.020903137169482278,0.10180301412317062,0.020903137169482278
217,217,0,"(256, 8)",0.019791455348383807,0.12134775037512667,0.019791455348383807
230,230,0,"(256, 8)",-0.018752160033682828,0.14216464095660208,0.018752160033682828
213,213,0,"(256, 8)",0.01775909523521099,0.16451813191967207,0.01775909523521099
164,164,0,"(256, 8)",0.01766279597935639,0.1668192439735637,0.01766279597935639
139,139,0,"(256, 8)",0.017092364967262963,0.18094811976840866,0.017092364967262963
406,22,2,"(64, 4)",0.017003618504592886,0.18322383779442886,0.017003618504592886
81,81,0,"(256, 8)",-0.015109152094593296,0.23697010974140037,0.015109152094593296
106,106,0,"(256, 8)",-0.014723850436433728,0.24914316018487057,0.014723850436433728
296,40,1,"(128, 6)",-0.014098142900891172,0.26983002451210397,0.014098142900891172
207,207,0,"(256, 8)",-0.014069699257773315,0.27079761829402504,0.014069699257773315
96,96,0,"(256, 8)",-0.013950556014995653,0.27487644271074674,0.013950556014995653
17,17,0,"(256, 8)",0.012299771064089922,0.33570560137867494,0.012299771064089922
21,21,0,"(256, 8)",0.011949197239604149,0.3496624837917086,0.011949197239604149
369,113,1,"(128, 6)",0.010233545980743313,0.4231575137122746,0.010233545980743313
74,74,0,"(256, 8)",-0.010121761000343779,0.42824073248153044,0.010121761000343779
176,176,0,"(256, 8)",0.009926630292017494,0.4371985633140486,0.009926630292017494
436,52,2,"(64, 4)",-0.00969004686317238,0.44820265238747364,0.00969004686317238
112,112,0,"(256, 8)",-0.009327387818314766,0.4653723134503656,0.009327387818314766
330,74,1,"(128, 6)",-0.008490832555955185,0.5063371692792409,0.008490832555955185
10,10,0,"(256, 8)",-0.00820997949905545,0.5205034248477995,0.00820997949905545
23,23,0,"(256, 8)",-0.007171058276564403,0.5746242552914674,0.007171058276564403
254,254,0,"(256, 8)",-0.006355080318552428,0.6189147406897523,0.006355080318552428
90,90,0,"(256, 8)",-0.005819675783862707,0.6487609891220841,0.005819675783862707
52,52,0,"(256, 8)",-0.005262177090319406,0.6804492535626141,0.005262177090319406
297,41,1,"(128, 6)",-0.004107322588062117,0.7478593089953589,0.004107322588062117
306,50,1,"(128, 6)",-0.002788911648754588,0.8272139212993402,0.002788911648754588
262,6,1,"(128, 6)",0.0022244870166346934,0.8617861125917955,0.0022244870166346934
150,150,0,"(256, 8)",0.0017534614549313005,0.8908444363087725,0.0017534614549313005
166,166,0,"(256, 8)",-0.001726162533549082,0.892533441456096,0.001726162533549082
237,237,0,"(256, 8)",-0.0011933010037865042,0.9255902226563659,0.0011933010037865042
224,224,0,"(256, 8)",0.0011884176264541505,0.9258938530545621,0.0011884176264541505
134,134,0,"(256, 8)",0.0011088787666884113,0.9308407738545869,0.0011088787666884113
85,85,0,"(256, 8)",-5.059668492638338e-05,0.996840402492833,5.059668492638338e-05
